,1,2,3,4,5,6,7,8,9,10,11,12,13,14,15,16,17,18,19,20,21,22,23,24,25,26,27,28,29,30,31,32,33,34,35,36,37,38,39,40,41,42,43,44,45,46,47,48,49,50,51,52,53,54,55,56,57,58,59,60,61,62,63,64,65,66,67,68,69,70,71,72,73,74,75,76,77,78,79,80,81,82,83,84,85,86,87,88,89,90
1,,1890.0,6062.0,1945.0,781.0,2149.0,1125.0,2821.0,1370.0,1754.0,501.0,0.0,461.0,232.0,2871.0,567.0,495.0,1449.0,1414.0,263.0,440.0,628.0,62.0,77.0,299.0,0.0,3592.0,2411.0,0.0,0.0,4444.0,2540.0,1049.0,1278.0,2180.0,1148.0,2871.0,1502.0,1782.0,1865.0,2473.0,2258.0,2344.0,3209.0,0.0,1170.0,3480.0,1283.0,1710.0,1208.0,2064.0,668.0,378.0,672.0,349.0,199.0,248.0,462.0,1112.0,586.0,1142.0,5687.0,1617.0,1390.0,892.0,0.0,4174.0,0.0,0.0,277.0,0.0,1364.0,1215.0,321.0,1489.0,428.0,2661.0,343.0,727.0,40.0,710.0,623.0,0.0,1619.0,1306.0,598.0,266.0,609.0,57.0,378.0
2,1890.0,,884.0,318.0,15.0,306.0,71.0,311.0,86.0,326.0,75.0,0.0,91.0,55.0,229.0,43.0,39.0,98.0,60.0,7.0,42.0,14.0,1.0,1.0,0.0,0.0,469.0,222.0,0.0,0.0,478.0,59.0,77.0,26.0,1.0,0.0,29.0,50.0,16.0,11.0,174.0,30.0,8.0,111.0,0.0,8.0,74.0,13.0,18.0,10.0,37.0,43.0,11.0,7.0,16.0,4.0,9.0,5.0,10.0,10.0,5.0,161.0,24.0,99.0,11.0,0.0,93.0,0.0,0.0,2.0,0.0,31.0,21.0,9.0,8.0,10.0,134.0,5.0,8.0,1.0,8.0,12.0,0.0,47.0,56.0,11.0,4.0,17.0,0.0,4.0
3,6062.0,884.0,,956.0,272.0,1508.0,298.0,2588.0,177.0,1782.0,536.0,0.0,546.0,325.0,566.0,129.0,117.0,324.0,264.0,61.0,96.0,81.0,7.0,33.0,32.0,0.0,736.0,566.0,0.0,0.0,1107.0,221.0,228.0,197.0,50.0,27.0,218.0,183.0,95.0,101.0,433.0,85.0,128.0,168.0,0.0,37.0,179.0,51.0,42.0,42.0,72.0,54.0,22.0,41.0,27.0,11.0,16.0,37.0,48.0,44.0,29.0,389.0,31.0,228.0,15.0,0.0,222.0,0.0,0.0,17.0,0.0,48.0,38.0,13.0,9.0,14.0,344.0,6.0,9.0,0.0,6.0,26.0,0.0,67.0,317.0,25.0,7.0,58.0,1.0,6.0
4,1945.0,318.0,956.0,,10.0,219.0,17.0,454.0,15.0,219.0,27.0,0.0,60.0,17.0,87.0,16.0,25.0,81.0,16.0,8.0,64.0,27.0,0.0,0.0,0.0,0.0,248.0,128.0,0.0,0.0,319.0,56.0,46.0,4.0,2.0,1.0,8.0,7.0,1.0,0.0,22.0,5.0,3.0,40.0,0.0,3.0,28.0,6.0,2.0,3.0,13.0,30.0,8.0,1.0,10.0,1.0,3.0,1.0,4.0,1.0,2.0,119.0,3.0,74.0,1.0,0.0,38.0,0.0,0.0,0.0,0.0,12.0,3.0,1.0,2.0,1.0,59.0,1.0,0.0,0.0,0.0,4.0,0.0,14.0,36.0,2.0,1.0,11.0,0.0,0.0
5,781.0,15.0,272.0,10.0,,52.0,3.0,467.0,63.0,17.0,5.0,0.0,5.0,0.0,20.0,13.0,3.0,5.0,3.0,1.0,1.0,1.0,0.0,0.0,1.0,0.0,46.0,6.0,0.0,0.0,63.0,38.0,54.0,2.0,2.0,0.0,1.0,10.0,2.0,2.0,0.0,3.0,2.0,7.0,0.0,0.0,5.0,0.0,3.0,0.0,3.0,0.0,0.0,0.0,0.0,0.0,0.0,0.0,1.0,0.0,5.0,34.0,0.0,5.0,1.0,0.0,7.0,0.0,0.0,0.0,0.0,5.0,0.0,0.0,2.0,2.0,4.0,0.0,1.0,0.0,1.0,1.0,0.0,2.0,8.0,0.0,0.0,2.0,1.0,0.0
6,2149.0,306.0,1508.0,219.0,52.0,,65.0,655.0,40.0,614.0,58.0,0.0,79.0,22.0,153.0,33.0,2.0,36.0,53.0,9.0,19.0,11.0,3.0,3.0,6.0,0.0,348.0,129.0,0.0,0.0,479.0,83.0,68.0,2.0,6.0,0.0,9.0,22.0,1.0,3.0,37.0,7.0,7.0,27.0,0.0,1.0,14.0,0.0,0.0,1.0,3.0,7.0,5.0,5.0,6.0,0.0,2.0,3.0,2.0,7.0,2.0,58.0,1.0,56.0,0.0,0.0,27.0,0.0,0.0,0.0,0.0,8.0,3.0,0.0,0.0,0.0,55.0,0.0,0.0,1.0,0.0,0.0,0.0,8.0,119.0,1.0,0.0,6.0,0.0,0.0
7,1125.0,71.0,298.0,17.0,3.0,65.0,,124.0,44.0,287.0,8.0,0.0,28.0,4.0,161.0,14.0,2.0,11.0,23.0,4.0,5.0,9.0,0.0,1.0,0.0,0.0,179.0,28.0,0.0,0.0,251.0,50.0,107.0,0.0,2.0,1.0,1.0,2.0,0.0,0.0,5.0,1.0,0.0,18.0,0.0,5.0,10.0,1.0,1.0,1.0,2.0,2.0,2.0,2.0,1.0,0.0,1.0,2.0,0.0,3.0,16.0,38.0,3.0,22.0,2.0,0.0,13.0,0.0,0.0,1.0,0.0,9.0,5.0,0.0,0.0,2.0,44.0,0.0,2.0,0.0,1.0,1.0,0.0,12.0,58.0,2.0,0.0,5.0,0.0,0.0
8,2821.0,311.0,2588.0,454.0,467.0,655.0,124.0,,108.0,744.0,193.0,0.0,210.0,86.0,155.0,61.0,10.0,161.0,155.0,51.0,72.0,40.0,6.0,16.0,17.0,0.0,300.0,198.0,0.0,0.0,458.0,91.0,108.0,62.0,24.0,17.0,50.0,69.0,25.0,22.0,105.0,31.0,21.0,76.0,0.0,7.0,42.0,6.0,4.0,14.0,26.0,32.0,17.0,5.0,17.0,5.0,7.0,7.0,6.0,10.0,11.0,155.0,11.0,84.0,4.0,0.0,61.0,0.0,0.0,8.0,0.0,13.0,8.0,1.0,2.0,3.0,117.0,1.0,1.0,0.0,1.0,8.0,0.0,17.0,84.0,7.0,4.0,11.0,0.0,0.0
9,1370.0,86.0,177.0,15.0,63.0,40.0,44.0,108.0,,9.0,4.0,0.0,3.0,2.0,124.0,166.0,3.0,96.0,30.0,8.0,35.0,11.0,2.0,0.0,4.0,0.0,79.0,185.0,0.0,0.0,90.0,13.0,19.0,26.0,15.0,3.0,13.0,99.0,5.0,1.0,17.0,123.0,0.0,50.0,0.0,11.0,35.0,9.0,18.0,10.0,23.0,17.0,16.0,7.0,8.0,0.0,3.0,4.0,2.0,1.0,5.0,133.0,8.0,30.0,5.0,0.0,48.0,0.0,0.0,3.0,0.0,10.0,3.0,1.0,4.0,2.0,23.0,0.0,2.0,0.0,3.0,1.0,0.0,8.0,42.0,10.0,0.0,9.0,0.0,2.0
10,1754.0,326.0,1782.0,219.0,17.0,614.0,287.0,744.0,9.0,,179.0,0.0,115.0,65.0,138.0,37.0,1.0,41.0,53.0,2.0,6.0,7.0,0.0,0.0,0.0,0.0,339.0,169.0,0.0,0.0,506.0,58.0,46.0,1.0,5.0,5.0,5.0,6.0,1.0,3.0,52.0,5.0,5.0,23.0,0.0,0.0,21.0,0.0,0.0,3.0,2.0,3.0,1.0,3.0,1.0,1.0,1.0,6.0,4.0,6.0,1.0,33.0,0.0,69.0,1.0,0.0,14.0,0.0,0.0,1.0,0.0,18.0,5.0,1.0,2.0,2.0,81.0,1.0,2.0,0.0,0.0,1.0,0.0,9.0,141.0,3.0,1.0,4.0,0.0,0.0
11,501.0,75.0,536.0,27.0,5.0,58.0,8.0,193.0,4.0,179.0,,0.0,81.0,28.0,61.0,10.0,5.0,34.0,7.0,1.0,1.0,1.0,0.0,0.0,0.0,0.0,74.0,35.0,0.0,0.0,104.0,7.0,7.0,2.0,0.0,1.0,10.0,2.0,6.0,3.0,23.0,3.0,1.0,11.0,0.0,1.0,12.0,0.0,0.0,0.0,4.0,1.0,1.0,1.0,1.0,0.0,0.0,1.0,2.0,1.0,1.0,24.0,2.0,40.0,1.0,0.0,7.0,0.0,0.0,1.0,0.0,6.0,0.0,0.0,0.0,0.0,18.0,1.0,0.0,0.0,1.0,0.0,0.0,4.0,18.0,3.0,0.0,5.0,0.0,0.0
12,0.0,0.0,0.0,0.0,0.0,0.0,0.0,0.0,0.0,0.0,0.0,,0.0,0.0,0.0,0.0,0.0,0.0,0.0,0.0,0.0,0.0,0.0,0.0,0.0,0.0,0.0,0.0,0.0,0.0,0.0,0.0,0.0,0.0,0.0,0.0,0.0,0.0,0.0,0.0,0.0,0.0,0.0,0.0,0.0,0.0,0.0,0.0,0.0,0.0,0.0,0.0,0.0,0.0,0.0,0.0,0.0,0.0,0.0,0.0,0.0,0.0,0.0,0.0,0.0,0.0,0.0,0.0,0.0,0.0,0.0,0.0,0.0,0.0,0.0,0.0,0.0,0.0,0.0,0.0,0.0,0.0,0.0,0.0,0.0,0.0,0.0,0.0,0.0,0.0
13,461.0,91.0,546.0,60.0,5.0,79.0,28.0,210.0,3.0,115.0,81.0,0.0,,17.0,29.0,13.0,2.0,7.0,16.0,3.0,4.0,3.0,0.0,2.0,1.0,0.0,63.0,31.0,0.0,0.0,79.0,5.0,8.0,5.0,2.0,1.0,6.0,5.0,4.0,4.0,22.0,3.0,5.0,10.0,0.0,2.0,12.0,2.0,4.0,1.0,6.0,3.0,0.0,3.0,0.0,0.0,1.0,0.0,1.0,0.0,3.0,20.0,2.0,25.0,1.0,0.0,10.0,0.0,0.0,0.0,0.0,2.0,1.0,0.0,1.0,1.0,10.0,0.0,1.0,0.0,0.0,2.0,0.0,4.0,18.0,1.0,2.0,2.0,0.0,0.0
14,232.0,55.0,325.0,17.0,0.0,22.0,4.0,86.0,2.0,65.0,28.0,0.0,17.0,,22.0,3.0,3.0,11.0,2.0,2.0,0.0,0.0,0.0,0.0,0.0,0.0,31.0,13.0,0.0,0.0,54.0,5.0,5.0,3.0,1.0,0.0,0.0,0.0,0.0,0.0,5.0,0.0,0.0,2.0,0.0,1.0,11.0,2.0,0.0,0.0,0.0,1.0,0.0,0.0,0.0,0.0,0.0,2.0,3.0,1.0,1.0,12.0,1.0,15.0,0.0,0.0,11.0,0.0,0.0,1.0,0.0,1.0,2.0,0.0,0.0,1.0,9.0,1.0,0.0,0.0,0.0,0.0,0.0,3.0,8.0,2.0,0.0,0.0,0.0,0.0
15,2871.0,229.0,566.0,87.0,20.0,153.0,161.0,155.0,124.0,138.0,61.0,0.0,29.0,22.0,,127.0,92.0,189.0,45.0,19.0,30.0,79.0,8.0,6.0,13.0,0.0,389.0,240.0,0.0,0.0,568.0,99.0,94.0,103.0,47.0,18.0,313.0,52.0,322.0,275.0,220.0,22.0,195.0,215.0,0.0,22.0,192.0,50.0,37.0,39.0,85.0,21.0,13.0,39.0,11.0,3.0,3.0,25.0,39.0,11.0,19.0,489.0,45.0,221.0,24.0,0.0,295.0,0.0,0.0,5.0,0.0,31.0,44.0,4.0,7.0,4.0,190.0,5.0,7.0,0.0,16.0,9.0,0.0,116.0,129.0,34.0,6.0,30.0,1.0,5.0
16,567.0,43.0,129.0,16.0,13.0,33.0,14.0,61.0,166.0,37.0,10.0,0.0,13.0,3.0,127.0,,50.0,47.0,33.0,27.0,59.0,56.0,15.0,72.0,102.0,0.0,45.0,50.0,0.0,0.0,74.0,15.0,8.0,12.0,3.0,0.0,8.0,38.0,1.0,2.0,19.0,43.0,1.0,39.0,0.0,8.0,58.0,12.0,11.0,10.0,44.0,14.0,39.0,1.0,9.0,3.0,3.0,3.0,4.0,2.0,11.0,118.0,25.0,52.0,14.0,0.0,66.0,0.0,0.0,3.0,0.0,24.0,11.0,5.0,6.0,8.0,16.0,4.0,12.0,1.0,9.0,8.0,0.0,41.0,64.0,20.0,6.0,9.0,0.0,5.0
17,495.0,39.0,117.0,25.0,3.0,2.0,2.0,10.0,3.0,1.0,5.0,0.0,2.0,3.0,92.0,50.0,,144.0,3.0,12.0,4.0,1.0,3.0,3.0,0.0,0.0,59.0,39.0,0.0,0.0,86.0,28.0,153.0,1.0,0.0,0.0,12.0,1.0,2.0,1.0,2.0,2.0,3.0,209.0,0.0,23.0,196.0,19.0,23.0,28.0,166.0,21.0,23.0,9.0,19.0,5.0,14.0,0.0,8.0,6.0,14.0,393.0,330.0,159.0,378.0,0.0,155.0,0.0,0.0,114.0,0.0,274.0,271.0,131.0,136.0,166.0,49.0,23.0,22.0,2.0,126.0,66.0,0.0,348.0,42.0,62.0,20.0,62.0,6.0,30.0
18,1449.0,98.0,324.0,81.0,5.0,36.0,11.0,161.0,96.0,41.0,34.0,0.0,7.0,11.0,189.0,47.0,144.0,,75.0,70.0,49.0,6.0,5.0,5.0,1.0,0.0,154.0,69.0,0.0,0.0,183.0,40.0,62.0,348.0,34.0,7.0,57.0,44.0,9.0,7.0,58.0,68.0,10.0,150.0,0.0,17.0,149.0,23.0,28.0,28.0,122.0,14.0,18.0,7.0,24.0,3.0,18.0,7.0,20.0,15.0,49.0,381.0,337.0,132.0,248.0,0.0,169.0,0.0,0.0,16.0,0.0,114.0,98.0,27.0,93.0,44.0,66.0,23.0,38.0,2.0,43.0,43.0,0.0,194.0,58.0,55.0,7.0,76.0,8.0,12.0
19,1414.0,60.0,264.0,16.0,3.0,53.0,23.0,155.0,30.0,53.0,7.0,0.0,16.0,2.0,45.0,33.0,3.0,75.0,,42.0,82.0,9.0,0.0,9.0,4.0,0.0,69.0,57.0,0.0,0.0,88.0,101.0,8.0,1.0,7.0,0.0,9.0,0.0,0.0,0.0,1.0,1.0,0.0,24.0,0.0,2.0,18.0,0.0,3.0,3.0,11.0,2.0,2.0,2.0,1.0,2.0,4.0,0.0,1.0,2.0,13.0,80.0,3.0,47.0,4.0,0.0,26.0,0.0,0.0,1.0,0.0,9.0,1.0,1.0,2.0,0.0,26.0,1.0,3.0,1.0,5.0,2.0,0.0,13.0,22.0,9.0,0.0,6.0,0.0,0.0
20,263.0,7.0,61.0,8.0,1.0,9.0,4.0,51.0,8.0,2.0,1.0,0.0,3.0,2.0,19.0,27.0,12.0,70.0,42.0,,72.0,0.0,1.0,6.0,1.0,0.0,18.0,4.0,0.0,0.0,26.0,15.0,3.0,0.0,0.0,0.0,1.0,1.0,0.0,0.0,0.0,0.0,0.0,14.0,0.0,0.0,6.0,0.0,3.0,3.0,8.0,0.0,1.0,1.0,0.0,0.0,2.0,0.0,0.0,1.0,3.0,17.0,1.0,5.0,2.0,0.0,7.0,0.0,0.0,0.0,0.0,3.0,3.0,1.0,0.0,1.0,13.0,0.0,0.0,0.0,1.0,1.0,0.0,2.0,1.0,0.0,7.0,7.0,0.0,0.0
21,440.0,42.0,96.0,64.0,1.0,19.0,5.0,72.0,35.0,6.0,1.0,0.0,4.0,0.0,30.0,59.0,4.0,49.0,82.0,72.0,,6.0,0.0,30.0,13.0,0.0,22.0,22.0,0.0,0.0,38.0,18.0,3.0,2.0,0.0,0.0,1.0,2.0,0.0,1.0,0.0,0.0,0.0,14.0,0.0,0.0,7.0,0.0,1.0,0.0,9.0,5.0,4.0,0.0,1.0,0.0,0.0,0.0,0.0,0.0,0.0,25.0,1.0,6.0,2.0,0.0,10.0,0.0,0.0,0.0,0.0,4.0,5.0,0.0,0.0,1.0,7.0,0.0,1.0,0.0,0.0,2.0,0.0,2.0,4.0,0.0,0.0,4.0,0.0,0.0
22,628.0,14.0,81.0,27.0,1.0,11.0,9.0,40.0,11.0,7.0,1.0,0.0,3.0,0.0,79.0,56.0,1.0,6.0,9.0,0.0,6.0,,4.0,24.0,21.0,0.0,51.0,36.0,0.0,0.0,64.0,9.0,2.0,0.0,0.0,0.0,25.0,0.0,1.0,0.0,0.0,0.0,0.0,8.0,0.0,0.0,5.0,1.0,3.0,1.0,5.0,8.0,5.0,0.0,3.0,1.0,6.0,0.0,0.0,0.0,1.0,37.0,4.0,12.0,1.0,0.0,7.0,0.0,0.0,2.0,0.0,4.0,0.0,0.0,1.0,0.0,10.0,1.0,1.0,0.0,2.0,2.0,0.0,7.0,5.0,2.0,0.0,2.0,0.0,0.0
23,62.0,1.0,7.0,0.0,0.0,3.0,0.0,6.0,2.0,0.0,0.0,0.0,0.0,0.0,8.0,15.0,3.0,5.0,0.0,1.0,0.0,4.0,,3.0,3.0,0.0,4.0,2.0,0.0,0.0,5.0,1.0,1.0,1.0,0.0,0.0,9.0,0.0,0.0,0.0,1.0,0.0,0.0,2.0,0.0,1.0,4.0,1.0,1.0,0.0,5.0,1.0,1.0,0.0,1.0,0.0,14.0,0.0,0.0,0.0,1.0,12.0,4.0,5.0,0.0,0.0,6.0,0.0,0.0,0.0,0.0,2.0,0.0,1.0,1.0,1.0,1.0,1.0,0.0,0.0,0.0,2.0,0.0,7.0,3.0,3.0,0.0,10.0,0.0,0.0
24,77.0,1.0,33.0,0.0,0.0,3.0,1.0,16.0,0.0,0.0,0.0,0.0,2.0,0.0,6.0,72.0,3.0,5.0,9.0,6.0,30.0,24.0,3.0,,130.0,0.0,1.0,6.0,0.0,0.0,4.0,5.0,2.0,0.0,0.0,0.0,1.0,0.0,0.0,0.0,0.0,0.0,0.0,1.0,0.0,0.0,3.0,0.0,0.0,0.0,5.0,0.0,0.0,0.0,0.0,0.0,0.0,0.0,0.0,0.0,1.0,4.0,1.0,2.0,0.0,0.0,3.0,0.0,0.0,0.0,0.0,0.0,0.0,0.0,0.0,0.0,1.0,0.0,0.0,0.0,0.0,0.0,0.0,1.0,0.0,1.0,0.0,0.0,0.0,0.0
25,299.0,0.0,32.0,0.0,1.0,6.0,0.0,17.0,4.0,0.0,0.0,0.0,1.0,0.0,13.0,102.0,0.0,1.0,4.0,1.0,13.0,21.0,3.0,130.0,,0.0,22.0,14.0,0.0,0.0,38.0,1.0,0.0,0.0,0.0,0.0,1.0,0.0,0.0,0.0,0.0,0.0,0.0,8.0,0.0,0.0,9.0,0.0,0.0,0.0,5.0,0.0,0.0,0.0,1.0,0.0,8.0,0.0,0.0,0.0,0.0,5.0,0.0,9.0,0.0,0.0,5.0,0.0,0.0,0.0,0.0,1.0,2.0,0.0,0.0,0.0,9.0,0.0,0.0,0.0,1.0,0.0,0.0,0.0,1.0,0.0,0.0,2.0,0.0,0.0
26,0.0,0.0,0.0,0.0,0.0,0.0,0.0,0.0,0.0,0.0,0.0,0.0,0.0,0.0,0.0,0.0,0.0,0.0,0.0,0.0,0.0,0.0,0.0,0.0,0.0,,0.0,0.0,0.0,0.0,0.0,0.0,0.0,0.0,0.0,0.0,0.0,0.0,0.0,0.0,0.0,0.0,0.0,0.0,0.0,0.0,0.0,0.0,0.0,0.0,0.0,0.0,0.0,0.0,0.0,0.0,0.0,0.0,0.0,0.0,0.0,0.0,0.0,0.0,0.0,0.0,0.0,0.0,0.0,0.0,0.0,0.0,0.0,0.0,0.0,0.0,0.0,0.0,0.0,0.0,0.0,0.0,0.0,0.0,0.0,0.0,0.0,0.0,0.0,0.0
27,3592.0,469.0,736.0,248.0,46.0,348.0,179.0,300.0,79.0,339.0,74.0,0.0,63.0,31.0,389.0,45.0,59.0,154.0,69.0,18.0,22.0,51.0,4.0,1.0,22.0,0.0,,356.0,0.0,0.0,1207.0,129.0,468.0,87.0,452.0,118.0,114.0,121.0,50.0,38.0,245.0,57.0,87.0,285.0,0.0,35.0,208.0,30.0,34.0,32.0,67.0,30.0,20.0,21.0,17.0,2.0,7.0,19.0,28.0,14.0,23.0,491.0,130.0,126.0,104.0,0.0,205.0,0.0,0.0,8.0,0.0,137.0,159.0,43.0,84.0,39.0,326.0,14.0,22.0,4.0,30.0,34.0,0.0,183.0,139.0,42.0,7.0,32.0,1.0,6.0
28,2411.0,222.0,566.0,128.0,6.0,129.0,28.0,198.0,185.0,169.0,35.0,0.0,31.0,13.0,240.0,50.0,39.0,69.0,57.0,4.0,22.0,36.0,2.0,6.0,14.0,0.0,356.0,,0.0,0.0,816.0,90.0,51.0,36.0,4.0,1.0,59.0,62.0,12.0,9.0,48.0,56.0,26.0,140.0,0.0,38.0,123.0,27.0,27.0,29.0,50.0,44.0,18.0,23.0,19.0,4.0,13.0,19.0,17.0,8.0,11.0,601.0,22.0,168.0,21.0,0.0,273.0,0.0,0.0,3.0,0.0,19.0,15.0,4.0,5.0,3.0,113.0,6.0,6.0,1.0,6.0,9.0,0.0,61.0,55.0,24.0,5.0,21.0,0.0,2.0
29,0.0,0.0,0.0,0.0,0.0,0.0,0.0,0.0,0.0,0.0,0.0,0.0,0.0,0.0,0.0,0.0,0.0,0.0,0.0,0.0,0.0,0.0,0.0,0.0,0.0,0.0,0.0,0.0,,0.0,0.0,0.0,0.0,0.0,0.0,0.0,0.0,0.0,0.0,0.0,0.0,0.0,0.0,0.0,0.0,0.0,0.0,0.0,0.0,0.0,0.0,0.0,0.0,0.0,0.0,0.0,0.0,0.0,0.0,0.0,0.0,0.0,0.0,0.0,0.0,0.0,0.0,0.0,0.0,0.0,0.0,0.0,0.0,0.0,0.0,0.0,0.0,0.0,0.0,0.0,0.0,0.0,0.0,0.0,0.0,0.0,0.0,0.0,0.0,0.0
30,0.0,0.0,0.0,0.0,0.0,0.0,0.0,0.0,0.0,0.0,0.0,0.0,0.0,0.0,0.0,0.0,0.0,0.0,0.0,0.0,0.0,0.0,0.0,0.0,0.0,0.0,0.0,0.0,0.0,,0.0,0.0,0.0,0.0,0.0,0.0,0.0,0.0,0.0,0.0,0.0,0.0,0.0,0.0,0.0,0.0,0.0,0.0,0.0,0.0,0.0,0.0,0.0,0.0,0.0,0.0,0.0,0.0,0.0,0.0,0.0,0.0,0.0,0.0,0.0,0.0,0.0,0.0,0.0,0.0,0.0,0.0,0.0,0.0,0.0,0.0,0.0,0.0,0.0,0.0,0.0,0.0,0.0,0.0,0.0,0.0,0.0,0.0,0.0,0.0
31,4444.0,478.0,1107.0,319.0,63.0,479.0,251.0,458.0,90.0,506.0,104.0,0.0,79.0,54.0,568.0,74.0,86.0,183.0,88.0,26.0,38.0,64.0,5.0,4.0,38.0,0.0,1207.0,816.0,0.0,0.0,,304.0,537.0,67.0,17.0,9.0,69.0,111.0,24.0,17.0,106.0,45.0,55.0,457.0,0.0,147.0,403.0,106.0,106.0,86.0,179.0,78.0,60.0,51.0,58.0,20.0,27.0,45.0,61.0,42.0,68.0,721.0,168.0,248.0,107.0,0.0,468.0,0.0,0.0,30.0,0.0,179.0,164.0,50.0,114.0,49.0,661.0,42.0,51.0,5.0,87.0,65.0,0.0,290.0,239.0,87.0,20.0,73.0,9.0,22.0
32,2540.0,59.0,221.0,56.0,38.0,83.0,50.0,91.0,13.0,58.0,7.0,0.0,5.0,5.0,99.0,15.0,28.0,40.0,101.0,15.0,18.0,9.0,1.0,5.0,1.0,0.0,129.0,90.0,0.0,0.0,304.0,,86.0,5.0,5.0,1.0,32.0,4.0,22.0,19.0,14.0,2.0,60.0,164.0,0.0,136.0,251.0,67.0,134.0,58.0,82.0,10.0,10.0,8.0,3.0,2.0,10.0,8.0,13.0,7.0,155.0,412.0,91.0,109.0,34.0,0.0,288.0,0.0,0.0,4.0,0.0,78.0,56.0,10.0,22.0,17.0,183.0,4.0,13.0,0.0,13.0,12.0,0.0,137.0,78.0,55.0,18.0,61.0,0.0,2.0
33,1049.0,77.0,228.0,46.0,54.0,68.0,107.0,108.0,19.0,46.0,7.0,0.0,8.0,5.0,94.0,8.0,153.0,62.0,8.0,3.0,3.0,2.0,1.0,2.0,0.0,0.0,468.0,51.0,0.0,0.0,537.0,86.0,,3.0,2.0,1.0,11.0,2.0,2.0,3.0,15.0,2.0,7.0,88.0,0.0,9.0,56.0,3.0,6.0,7.0,27.0,2.0,3.0,2.0,5.0,0.0,1.0,2.0,3.0,6.0,6.0,206.0,60.0,53.0,140.0,0.0,56.0,0.0,0.0,1.0,0.0,83.0,45.0,7.0,19.0,9.0,80.0,13.0,11.0,1.0,14.0,11.0,0.0,128.0,45.0,19.0,3.0,21.0,6.0,2.0
34,1278.0,26.0,197.0,4.0,2.0,2.0,0.0,62.0,26.0,1.0,2.0,0.0,5.0,3.0,103.0,12.0,1.0,348.0,1.0,0.0,2.0,0.0,1.0,0.0,0.0,0.0,87.0,36.0,0.0,0.0,67.0,5.0,3.0,,0.0,0.0,28.0,5.0,1.0,1.0,1.0,0.0,4.0,35.0,0.0,0.0,21.0,2.0,2.0,0.0,4.0,3.0,0.0,0.0,0.0,0.0,0.0,0.0,2.0,0.0,2.0,90.0,9.0,7.0,1.0,0.0,31.0,0.0,0.0,0.0,0.0,3.0,5.0,0.0,2.0,1.0,14.0,0.0,0.0,1.0,1.0,3.0,0.0,6.0,7.0,0.0,1.0,0.0,0.0,0.0
35,2180.0,1.0,50.0,2.0,2.0,6.0,2.0,24.0,15.0,5.0,0.0,0.0,2.0,1.0,47.0,3.0,0.0,34.0,7.0,0.0,0.0,0.0,0.0,0.0,0.0,0.0,452.0,4.0,0.0,0.0,17.0,5.0,2.0,0.0,,316.0,0.0,2.0,0.0,2.0,1.0,3.0,0.0,11.0,0.0,1.0,4.0,0.0,1.0,0.0,3.0,1.0,0.0,0.0,1.0,0.0,0.0,0.0,0.0,0.0,2.0,14.0,0.0,5.0,0.0,0.0,4.0,0.0,0.0,0.0,0.0,2.0,0.0,1.0,0.0,1.0,9.0,1.0,1.0,0.0,1.0,1.0,0.0,1.0,2.0,0.0,0.0,2.0,0.0,0.0
36,1148.0,0.0,27.0,1.0,0.0,0.0,1.0,17.0,3.0,5.0,1.0,0.0,1.0,0.0,18.0,0.0,0.0,7.0,0.0,0.0,0.0,0.0,0.0,0.0,0.0,0.0,118.0,1.0,0.0,0.0,9.0,1.0,1.0,0.0,316.0,,0.0,3.0,0.0,2.0,20.0,7.0,0.0,1.0,0.0,0.0,1.0,0.0,0.0,0.0,1.0,1.0,0.0,0.0,0.0,0.0,0.0,0.0,0.0,0.0,0.0,12.0,5.0,2.0,1.0,0.0,2.0,0.0,0.0,0.0,0.0,0.0,1.0,0.0,4.0,1.0,2.0,0.0,0.0,0.0,0.0,0.0,0.0,2.0,1.0,0.0,0.0,1.0,0.0,0.0
37,2871.0,29.0,218.0,8.0,1.0,9.0,1.0,50.0,13.0,5.0,10.0,0.0,6.0,0.0,313.0,8.0,12.0,57.0,9.0,1.0,1.0,25.0,9.0,1.0,1.0,0.0,114.0,59.0,0.0,0.0,69.0,32.0,11.0,28.0,0.0,0.0,,19.0,676.0,826.0,10.0,10.0,1261.0,83.0,0.0,3.0,45.0,7.0,5.0,3.0,12.0,1.0,2.0,2.0,1.0,0.0,1.0,1.0,3.0,2.0,7.0,450.0,17.0,23.0,9.0,0.0,28.0,0.0,0.0,0.0,0.0,29.0,12.0,8.0,15.0,8.0,29.0,3.0,3.0,0.0,1.0,2.0,0.0,33.0,31.0,5.0,3.0,13.0,1.0,1.0
38,1502.0,50.0,183.0,7.0,10.0,22.0,2.0,69.0,99.0,6.0,2.0,0.0,5.0,0.0,52.0,38.0,1.0,44.0,0.0,1.0,2.0,0.0,0.0,0.0,0.0,0.0,121.0,62.0,0.0,0.0,111.0,4.0,2.0,5.0,2.0,3.0,19.0,,0.0,1.0,2.0,114.0,0.0,9.0,0.0,2.0,8.0,0.0,1.0,0.0,3.0,1.0,2.0,1.0,0.0,1.0,0.0,0.0,0.0,0.0,1.0,77.0,1.0,8.0,0.0,0.0,12.0,0.0,0.0,0.0,0.0,1.0,0.0,0.0,0.0,0.0,7.0,0.0,0.0,0.0,0.0,1.0,0.0,3.0,6.0,1.0,3.0,7.0,0.0,0.0
39,1782.0,16.0,95.0,1.0,2.0,1.0,0.0,25.0,5.0,1.0,6.0,0.0,4.0,0.0,322.0,1.0,2.0,9.0,0.0,0.0,0.0,1.0,0.0,0.0,0.0,0.0,50.0,12.0,0.0,0.0,24.0,22.0,2.0,1.0,0.0,0.0,676.0,0.0,,1183.0,0.0,0.0,2.0,57.0,0.0,1.0,37.0,0.0,1.0,0.0,4.0,0.0,1.0,0.0,0.0,0.0,0.0,0.0,0.0,2.0,2.0,269.0,2.0,2.0,0.0,0.0,2.0,0.0,0.0,0.0,0.0,5.0,0.0,1.0,0.0,1.0,18.0,0.0,1.0,0.0,0.0,0.0,0.0,9.0,4.0,0.0,1.0,1.0,0.0,0.0
40,1865.0,11.0,101.0,0.0,2.0,3.0,0.0,22.0,1.0,3.0,3.0,0.0,4.0,0.0,275.0,2.0,1.0,7.0,0.0,0.0,1.0,0.0,0.0,0.0,0.0,0.0,38.0,9.0,0.0,0.0,17.0,19.0,3.0,1.0,2.0,2.0,826.0,1.0,1183.0,,2.0,0.0,1.0,45.0,0.0,0.0,33.0,0.0,0.0,0.0,0.0,0.0,1.0,0.0,1.0,0.0,0.0,0.0,1.0,0.0,3.0,253.0,1.0,2.0,0.0,0.0,3.0,0.0,0.0,0.0,0.0,5.0,0.0,0.0,0.0,0.0,12.0,0.0,0.0,0.0,0.0,0.0,0.0,4.0,3.0,0.0,0.0,0.0,0.0,0.0
41,2473.0,174.0,433.0,22.0,0.0,37.0,5.0,105.0,17.0,52.0,23.0,0.0,22.0,5.0,220.0,19.0,2.0,58.0,1.0,0.0,0.0,0.0,1.0,0.0,0.0,0.0,245.0,48.0,0.0,0.0,106.0,14.0,15.0,1.0,1.0,20.0,10.0,2.0,0.0,2.0,,8.0,0.0,52.0,0.0,1.0,16.0,0.0,0.0,1.0,5.0,0.0,0.0,1.0,0.0,0.0,0.0,2.0,1.0,0.0,1.0,65.0,9.0,29.0,4.0,0.0,21.0,0.0,0.0,0.0,0.0,3.0,10.0,0.0,1.0,0.0,44.0,0.0,2.0,0.0,0.0,3.0,0.0,6.0,8.0,3.0,0.0,3.0,0.0,0.0
42,2258.0,30.0,85.0,5.0,3.0,7.0,1.0,31.0,123.0,5.0,3.0,0.0,3.0,0.0,22.0,43.0,2.0,68.0,1.0,0.0,0.0,0.0,0.0,0.0,0.0,0.0,57.0,56.0,0.0,0.0,45.0,2.0,2.0,0.0,3.0,7.0,10.0,114.0,0.0,0.0,8.0,,0.0,13.0,0.0,0.0,9.0,0.0,0.0,1.0,0.0,2.0,0.0,0.0,0.0,0.0,0.0,0.0,2.0,1.0,0.0,58.0,1.0,4.0,3.0,0.0,12.0,0.0,0.0,0.0,0.0,2.0,0.0,0.0,1.0,0.0,6.0,1.0,0.0,0.0,0.0,1.0,0.0,5.0,9.0,1.0,0.0,1.0,0.0,0.0
43,2344.0,8.0,128.0,3.0,2.0,7.0,0.0,21.0,0.0,5.0,1.0,0.0,5.0,0.0,195.0,1.0,3.0,10.0,0.0,0.0,0.0,0.0,0.0,0.0,0.0,0.0,87.0,26.0,0.0,0.0,55.0,60.0,7.0,4.0,0.0,0.0,1261.0,0.0,2.0,1.0,0.0,0.0,,66.0,0.0,1.0,12.0,0.0,0.0,0.0,3.0,0.0,0.0,0.0,1.0,0.0,1.0,1.0,0.0,0.0,0.0,456.0,7.0,42.0,0.0,0.0,1.0,0.0,0.0,0.0,0.0,7.0,3.0,0.0,3.0,0.0,15.0,1.0,2.0,0.0,1.0,2.0,0.0,8.0,49.0,2.0,1.0,2.0,0.0,1.0
44,3209.0,111.0,168.0,40.0,7.0,27.0,18.0,76.0,50.0,23.0,11.0,0.0,10.0,2.0,215.0,39.0,209.0,150.0,24.0,14.0,14.0,8.0,2.0,1.0,8.0,0.0,285.0,140.0,0.0,0.0,457.0,164.0,88.0,35.0,11.0,1.0,83.0,9.0,57.0,45.0,52.0,13.0,66.0,,0.0,769.0,2106.0,653.0,1011.0,813.0,1538.0,213.0,185.0,327.0,217.0,108.0,140.0,144.0,464.0,105.0,300.0,1699.0,428.0,540.0,189.0,0.0,2025.0,0.0,0.0,361.0,0.0,465.0,390.0,202.0,301.0,203.0,427.0,419.0,775.0,80.0,1239.0,710.0,0.0,649.0,302.0,471.0,115.0,92.0,36.0,196.0
45,0.0,0.0,0.0,0.0,0.0,0.0,0.0,0.0,0.0,0.0,0.0,0.0,0.0,0.0,0.0,0.0,0.0,0.0,0.0,0.0,0.0,0.0,0.0,0.0,0.0,0.0,0.0,0.0,0.0,0.0,0.0,0.0,0.0,0.0,0.0,0.0,0.0,0.0,0.0,0.0,0.0,0.0,0.0,0.0,,0.0,0.0,0.0,0.0,0.0,0.0,0.0,0.0,0.0,0.0,0.0,0.0,0.0,0.0,0.0,0.0,0.0,0.0,0.0,0.0,0.0,0.0,0.0,0.0,0.0,0.0,0.0,0.0,0.0,0.0,0.0,0.0,0.0,0.0,0.0,0.0,0.0,0.0,0.0,0.0,0.0,0.0,0.0,0.0,0.0
46,1170.0,8.0,37.0,3.0,0.0,1.0,5.0,7.0,11.0,0.0,1.0,0.0,2.0,1.0,22.0,8.0,23.0,17.0,2.0,0.0,0.0,0.0,1.0,0.0,0.0,0.0,35.0,38.0,0.0,0.0,147.0,136.0,9.0,0.0,1.0,0.0,3.0,2.0,1.0,0.0,1.0,0.0,1.0,769.0,0.0,,790.0,485.0,518.0,348.0,519.0,31.0,45.0,133.0,43.0,54.0,61.0,17.0,191.0,21.0,174.0,707.0,158.0,194.0,12.0,0.0,1150.0,0.0,0.0,3.0,0.0,106.0,66.0,13.0,70.0,18.0,126.0,61.0,117.0,12.0,127.0,95.0,0.0,152.0,87.0,197.0,14.0,12.0,0.0,3.0
47,3480.0,74.0,179.0,28.0,5.0,14.0,10.0,42.0,35.0,21.0,12.0,0.0,12.0,11.0,192.0,58.0,196.0,149.0,18.0,6.0,7.0,5.0,4.0,3.0,9.0,0.0,208.0,123.0,0.0,0.0,403.0,251.0,56.0,21.0,4.0,1.0,45.0,8.0,37.0,33.0,16.0,9.0,12.0,2106.0,0.0,790.0,,1343.0,1445.0,1317.0,1998.0,202.0,165.0,677.0,191.0,190.0,231.0,196.0,701.0,289.0,589.0,2120.0,531.0,578.0,153.0,0.0,3341.0,0.0,0.0,144.0,0.0,606.0,617.0,343.0,366.0,373.0,584.0,331.0,556.0,56.0,785.0,435.0,0.0,781.0,274.0,542.0,125.0,95.0,27.0,142.0
48,1283.0,13.0,51.0,6.0,0.0,0.0,1.0,6.0,9.0,0.0,0.0,0.0,2.0,2.0,50.0,12.0,19.0,23.0,0.0,0.0,0.0,1.0,1.0,0.0,0.0,0.0,30.0,27.0,0.0,0.0,106.0,67.0,3.0,2.0,0.0,0.0,7.0,0.0,0.0,0.0,0.0,0.0,0.0,653.0,0.0,485.0,1343.0,,1290.0,802.0,934.0,60.0,71.0,427.0,78.0,228.0,249.0,79.0,533.0,54.0,510.0,757.0,79.0,139.0,9.0,0.0,1945.0,0.0,0.0,0.0,0.0,55.0,25.0,6.0,19.0,13.0,134.0,38.0,61.0,3.0,42.0,34.0,0.0,95.0,55.0,104.0,16.0,8.0,0.0,2.0
49,1710.0,18.0,42.0,2.0,3.0,0.0,1.0,4.0,18.0,0.0,0.0,0.0,4.0,0.0,37.0,11.0,23.0,28.0,3.0,3.0,1.0,3.0,1.0,0.0,0.0,0.0,34.0,27.0,0.0,0.0,106.0,134.0,6.0,2.0,1.0,0.0,5.0,1.0,1.0,0.0,0.0,0.0,0.0,1011.0,0.0,518.0,1445.0,1290.0,,871.0,1150.0,115.0,145.0,405.0,106.0,163.0,230.0,52.0,584.0,53.0,640.0,838.0,82.0,206.0,7.0,0.0,1984.0,0.0,0.0,2.0,0.0,75.0,36.0,10.0,22.0,13.0,138.0,189.0,397.0,40.0,329.0,199.0,0.0,143.0,100.0,144.0,66.0,8.0,0.0,6.0
50,1208.0,10.0,42.0,3.0,0.0,1.0,1.0,14.0,10.0,3.0,0.0,0.0,1.0,0.0,39.0,10.0,28.0,28.0,3.0,3.0,0.0,1.0,0.0,0.0,0.0,0.0,32.0,29.0,0.0,0.0,86.0,58.0,7.0,0.0,0.0,0.0,3.0,0.0,0.0,0.0,1.0,1.0,0.0,813.0,0.0,348.0,1317.0,802.0,871.0,,1469.0,110.0,106.0,344.0,96.0,173.0,240.0,61.0,184.0,82.0,368.0,676.0,74.0,162.0,16.0,0.0,1494.0,0.0,0.0,0.0,0.0,54.0,77.0,19.0,22.0,31.0,108.0,160.0,431.0,31.0,289.0,180.0,0.0,126.0,84.0,136.0,44.0,6.0,1.0,7.0
51,2064.0,37.0,72.0,13.0,3.0,3.0,2.0,26.0,23.0,2.0,4.0,0.0,6.0,0.0,85.0,44.0,166.0,122.0,11.0,8.0,9.0,5.0,5.0,5.0,5.0,0.0,67.0,50.0,0.0,0.0,179.0,82.0,27.0,4.0,3.0,1.0,12.0,3.0,4.0,0.0,5.0,0.0,3.0,1538.0,0.0,519.0,1998.0,934.0,1150.0,1469.0,,357.0,385.0,511.0,444.0,502.0,518.0,131.0,355.0,126.0,410.0,1272.0,324.0,448.0,53.0,0.0,2416.0,0.0,0.0,58.0,0.0,234.0,144.0,35.0,130.0,57.0,215.0,361.0,769.0,57.0,692.0,514.0,0.0,414.0,200.0,454.0,80.0,46.0,8.0,28.0
52,668.0,43.0,54.0,30.0,0.0,7.0,2.0,32.0,17.0,3.0,1.0,0.0,3.0,1.0,21.0,14.0,21.0,14.0,2.0,0.0,5.0,8.0,1.0,0.0,0.0,0.0,30.0,44.0,0.0,0.0,78.0,10.0,2.0,3.0,1.0,1.0,1.0,1.0,0.0,0.0,0.0,2.0,0.0,213.0,0.0,31.0,202.0,60.0,115.0,110.0,357.0,,380.0,47.0,350.0,29.0,51.0,4.0,9.0,15.0,59.0,165.0,32.0,58.0,12.0,0.0,335.0,0.0,0.0,1.0,0.0,23.0,22.0,12.0,5.0,16.0,19.0,51.0,78.0,12.0,73.0,81.0,0.0,62.0,22.0,38.0,6.0,8.0,0.0,0.0
53,378.0,11.0,22.0,8.0,0.0,5.0,2.0,17.0,16.0,1.0,1.0,0.0,0.0,0.0,13.0,39.0,23.0,18.0,2.0,1.0,4.0,5.0,1.0,0.0,0.0,0.0,20.0,18.0,0.0,0.0,60.0,10.0,3.0,0.0,0.0,0.0,2.0,2.0,1.0,1.0,0.0,0.0,0.0,185.0,0.0,45.0,165.0,71.0,145.0,106.0,385.0,380.0,,49.0,476.0,80.0,103.0,2.0,7.0,11.0,40.0,154.0,44.0,64.0,11.0,0.0,324.0,0.0,0.0,1.0,0.0,32.0,28.0,10.0,6.0,11.0,16.0,39.0,73.0,11.0,70.0,79.0,0.0,56.0,39.0,49.0,6.0,8.0,0.0,1.0
54,672.0,7.0,41.0,1.0,0.0,5.0,2.0,5.0,7.0,3.0,1.0,0.0,3.0,0.0,39.0,1.0,9.0,7.0,2.0,1.0,0.0,0.0,0.0,0.0,0.0,0.0,21.0,23.0,0.0,0.0,51.0,8.0,2.0,0.0,0.0,0.0,2.0,1.0,0.0,0.0,1.0,0.0,0.0,327.0,0.0,133.0,677.0,427.0,405.0,344.0,511.0,47.0,49.0,,52.0,96.0,117.0,188.0,50.0,49.0,103.0,264.0,28.0,43.0,10.0,0.0,934.0,0.0,0.0,0.0,0.0,23.0,23.0,4.0,9.0,18.0,34.0,11.0,29.0,3.0,24.0,20.0,0.0,43.0,30.0,28.0,4.0,7.0,0.0,0.0
55,349.0,16.0,27.0,10.0,0.0,6.0,1.0,17.0,8.0,1.0,1.0,0.0,0.0,0.0,11.0,9.0,19.0,24.0,1.0,0.0,1.0,3.0,1.0,0.0,1.0,0.0,17.0,19.0,0.0,0.0,58.0,3.0,5.0,0.0,1.0,0.0,1.0,0.0,0.0,1.0,0.0,0.0,1.0,217.0,0.0,43.0,191.0,78.0,106.0,96.0,444.0,350.0,476.0,52.0,,82.0,108.0,9.0,17.0,21.0,74.0,158.0,43.0,82.0,12.0,0.0,355.0,0.0,0.0,1.0,0.0,33.0,27.0,3.0,8.0,6.0,17.0,44.0,83.0,9.0,79.0,83.0,0.0,51.0,35.0,55.0,4.0,6.0,0.0,1.0
56,199.0,4.0,11.0,1.0,0.0,0.0,0.0,5.0,0.0,1.0,0.0,0.0,0.0,0.0,3.0,3.0,5.0,3.0,2.0,0.0,0.0,1.0,0.0,0.0,0.0,0.0,2.0,4.0,0.0,0.0,20.0,2.0,0.0,0.0,0.0,0.0,0.0,1.0,0.0,0.0,0.0,0.0,0.0,108.0,0.0,54.0,190.0,228.0,163.0,173.0,502.0,29.0,80.0,96.0,82.0,,428.0,22.0,86.0,4.0,22.0,86.0,8.0,18.0,0.0,0.0,530.0,0.0,0.0,0.0,0.0,9.0,2.0,0.0,3.0,4.0,8.0,11.0,39.0,3.0,25.0,15.0,0.0,18.0,6.0,11.0,3.0,1.0,0.0,0.0
57,248.0,9.0,16.0,3.0,0.0,2.0,1.0,7.0,3.0,1.0,0.0,0.0,1.0,0.0,3.0,3.0,14.0,18.0,4.0,2.0,0.0,6.0,14.0,0.0,8.0,0.0,7.0,13.0,0.0,0.0,27.0,10.0,1.0,0.0,0.0,0.0,1.0,0.0,0.0,0.0,0.0,0.0,1.0,140.0,0.0,61.0,231.0,249.0,230.0,240.0,518.0,51.0,103.0,117.0,108.0,428.0,,37.0,36.0,7.0,41.0,85.0,13.0,23.0,4.0,0.0,480.0,0.0,0.0,0.0,0.0,7.0,6.0,1.0,3.0,10.0,10.0,6.0,40.0,4.0,22.0,15.0,0.0,18.0,12.0,16.0,5.0,2.0,0.0,0.0
58,462.0,5.0,37.0,1.0,0.0,3.0,2.0,7.0,4.0,6.0,1.0,0.0,0.0,2.0,25.0,3.0,0.0,7.0,0.0,0.0,0.0,0.0,0.0,0.0,0.0,0.0,19.0,19.0,0.0,0.0,45.0,8.0,2.0,0.0,0.0,0.0,1.0,0.0,0.0,0.0,2.0,0.0,1.0,144.0,0.0,17.0,196.0,79.0,52.0,61.0,131.0,4.0,2.0,188.0,9.0,22.0,37.0,,11.0,10.0,19.0,116.0,10.0,16.0,1.0,0.0,294.0,0.0,0.0,0.0,0.0,10.0,4.0,1.0,1.0,1.0,10.0,4.0,13.0,0.0,5.0,9.0,0.0,11.0,12.0,4.0,4.0,1.0,0.0,0.0
59,1112.0,10.0,48.0,4.0,1.0,2.0,0.0,6.0,2.0,4.0,2.0,0.0,1.0,3.0,39.0,4.0,8.0,20.0,1.0,0.0,0.0,0.0,0.0,0.0,0.0,0.0,28.0,17.0,0.0,0.0,61.0,13.0,3.0,2.0,0.0,0.0,3.0,0.0,0.0,1.0,1.0,2.0,0.0,464.0,0.0,191.0,701.0,533.0,584.0,184.0,355.0,9.0,7.0,50.0,17.0,86.0,36.0,11.0,,9.0,25.0,448.0,42.0,56.0,9.0,0.0,1194.0,0.0,0.0,0.0,0.0,44.0,19.0,8.0,12.0,16.0,66.0,29.0,152.0,5.0,28.0,39.0,0.0,48.0,27.0,23.0,19.0,4.0,0.0,1.0
60,586.0,10.0,44.0,1.0,0.0,7.0,3.0,10.0,1.0,6.0,1.0,0.0,0.0,1.0,11.0,2.0,6.0,15.0,2.0,1.0,0.0,0.0,0.0,0.0,0.0,0.0,14.0,8.0,0.0,0.0,42.0,7.0,6.0,0.0,0.0,0.0,2.0,0.0,2.0,0.0,0.0,1.0,0.0,105.0,0.0,21.0,289.0,54.0,53.0,82.0,126.0,15.0,11.0,49.0,21.0,4.0,7.0,10.0,9.0,,132.0,156.0,23.0,22.0,7.0,0.0,374.0,0.0,0.0,1.0,0.0,15.0,9.0,8.0,9.0,16.0,22.0,4.0,24.0,0.0,10.0,17.0,0.0,34.0,9.0,16.0,2.0,9.0,0.0,0.0
61,1142.0,5.0,29.0,2.0,5.0,2.0,16.0,11.0,5.0,1.0,1.0,0.0,3.0,1.0,19.0,11.0,14.0,49.0,13.0,3.0,0.0,1.0,1.0,1.0,0.0,0.0,23.0,11.0,0.0,0.0,68.0,155.0,6.0,2.0,2.0,0.0,7.0,1.0,2.0,3.0,1.0,0.0,0.0,300.0,0.0,174.0,589.0,510.0,640.0,368.0,410.0,59.0,40.0,103.0,74.0,22.0,41.0,19.0,25.0,132.0,,508.0,58.0,94.0,7.0,0.0,1234.0,0.0,0.0,0.0,0.0,60.0,17.0,14.0,13.0,18.0,73.0,27.0,72.0,9.0,30.0,46.0,0.0,82.0,44.0,77.0,20.0,25.0,0.0,0.0
62,5687.0,161.0,389.0,119.0,34.0,58.0,38.0,155.0,133.0,33.0,24.0,0.0,20.0,12.0,489.0,118.0,393.0,381.0,80.0,17.0,25.0,37.0,12.0,4.0,5.0,0.0,491.0,601.0,0.0,0.0,721.0,412.0,206.0,90.0,14.0,12.0,450.0,77.0,269.0,253.0,65.0,58.0,456.0,1699.0,0.0,707.0,2120.0,757.0,838.0,676.0,1272.0,165.0,154.0,264.0,158.0,86.0,85.0,116.0,448.0,156.0,508.0,,1568.0,1206.0,563.0,0.0,3643.0,0.0,0.0,52.0,0.0,1391.0,943.0,480.0,811.0,478.0,668.0,310.0,437.0,39.0,446.0,495.0,0.0,1491.0,535.0,912.0,95.0,222.0,17.0,31.0
63,1617.0,24.0,31.0,3.0,0.0,1.0,3.0,11.0,8.0,0.0,2.0,0.0,2.0,1.0,45.0,25.0,330.0,337.0,3.0,1.0,1.0,4.0,4.0,1.0,0.0,0.0,130.0,22.0,0.0,0.0,168.0,91.0,60.0,9.0,0.0,5.0,17.0,1.0,2.0,1.0,9.0,1.0,7.0,428.0,0.0,158.0,531.0,79.0,82.0,74.0,324.0,32.0,44.0,28.0,43.0,8.0,13.0,10.0,42.0,23.0,58.0,1568.0,,670.0,234.0,0.0,761.0,0.0,0.0,9.0,0.0,909.0,437.0,90.0,1036.0,96.0,217.0,78.0,85.0,6.0,90.0,130.0,0.0,972.0,259.0,567.0,19.0,153.0,6.0,16.0
64,1390.0,99.0,228.0,74.0,5.0,56.0,22.0,84.0,30.0,69.0,40.0,0.0,25.0,15.0,221.0,52.0,159.0,132.0,47.0,5.0,6.0,12.0,5.0,2.0,9.0,0.0,126.0,168.0,0.0,0.0,248.0,109.0,53.0,7.0,5.0,2.0,23.0,8.0,2.0,2.0,29.0,4.0,42.0,540.0,0.0,194.0,578.0,139.0,206.0,162.0,448.0,58.0,64.0,43.0,82.0,18.0,23.0,16.0,56.0,22.0,94.0,1206.0,670.0,,124.0,0.0,852.0,0.0,0.0,97.0,0.0,458.0,203.0,98.0,250.0,110.0,130.0,139.0,215.0,27.0,340.0,203.0,0.0,537.0,263.0,938.0,29.0,63.0,1.0,29.0
65,892.0,11.0,15.0,1.0,1.0,0.0,2.0,4.0,5.0,1.0,1.0,0.0,1.0,0.0,24.0,14.0,378.0,248.0,4.0,2.0,2.0,1.0,0.0,0.0,0.0,0.0,104.0,21.0,0.0,0.0,107.0,34.0,140.0,1.0,0.0,1.0,9.0,0.0,0.0,0.0,4.0,3.0,0.0,189.0,0.0,12.0,153.0,9.0,7.0,16.0,53.0,12.0,11.0,10.0,12.0,0.0,4.0,1.0,9.0,7.0,7.0,563.0,234.0,124.0,,0.0,113.0,0.0,0.0,20.0,0.0,278.0,295.0,63.0,167.0,71.0,120.0,23.0,15.0,2.0,49.0,29.0,0.0,520.0,151.0,102.0,9.0,241.0,6.0,28.0
66,0.0,0.0,0.0,0.0,0.0,0.0,0.0,0.0,0.0,0.0,0.0,0.0,0.0,0.0,0.0,0.0,0.0,0.0,0.0,0.0,0.0,0.0,0.0,0.0,0.0,0.0,0.0,0.0,0.0,0.0,0.0,0.0,0.0,0.0,0.0,0.0,0.0,0.0,0.0,0.0,0.0,0.0,0.0,0.0,0.0,0.0,0.0,0.0,0.0,0.0,0.0,0.0,0.0,0.0,0.0,0.0,0.0,0.0,0.0,0.0,0.0,0.0,0.0,0.0,0.0,,0.0,0.0,0.0,0.0,0.0,0.0,0.0,0.0,0.0,0.0,0.0,0.0,0.0,0.0,0.0,0.0,0.0,0.0,0.0,0.0,0.0,0.0,0.0,0.0
67,4174.0,93.0,222.0,38.0,7.0,27.0,13.0,61.0,48.0,14.0,7.0,0.0,10.0,11.0,295.0,66.0,155.0,169.0,26.0,7.0,10.0,7.0,6.0,3.0,5.0,0.0,205.0,273.0,0.0,0.0,468.0,288.0,56.0,31.0,4.0,2.0,28.0,12.0,2.0,3.0,21.0,12.0,1.0,2025.0,0.0,1150.0,3341.0,1945.0,1984.0,1494.0,2416.0,335.0,324.0,934.0,355.0,530.0,480.0,294.0,1194.0,374.0,1234.0,3643.0,761.0,852.0,113.0,0.0,,0.0,0.0,9.0,0.0,542.0,400.0,110.0,306.0,121.0,522.0,272.0,433.0,44.0,367.0,409.0,0.0,745.0,295.0,792.0,93.0,87.0,5.0,15.0
68,0.0,0.0,0.0,0.0,0.0,0.0,0.0,0.0,0.0,0.0,0.0,0.0,0.0,0.0,0.0,0.0,0.0,0.0,0.0,0.0,0.0,0.0,0.0,0.0,0.0,0.0,0.0,0.0,0.0,0.0,0.0,0.0,0.0,0.0,0.0,0.0,0.0,0.0,0.0,0.0,0.0,0.0,0.0,0.0,0.0,0.0,0.0,0.0,0.0,0.0,0.0,0.0,0.0,0.0,0.0,0.0,0.0,0.0,0.0,0.0,0.0,0.0,0.0,0.0,0.0,0.0,0.0,,0.0,0.0,0.0,0.0,0.0,0.0,0.0,0.0,0.0,0.0,0.0,0.0,0.0,0.0,0.0,0.0,0.0,0.0,0.0,0.0,0.0,0.0
69,0.0,0.0,0.0,0.0,0.0,0.0,0.0,0.0,0.0,0.0,0.0,0.0,0.0,0.0,0.0,0.0,0.0,0.0,0.0,0.0,0.0,0.0,0.0,0.0,0.0,0.0,0.0,0.0,0.0,0.0,0.0,0.0,0.0,0.0,0.0,0.0,0.0,0.0,0.0,0.0,0.0,0.0,0.0,0.0,0.0,0.0,0.0,0.0,0.0,0.0,0.0,0.0,0.0,0.0,0.0,0.0,0.0,0.0,0.0,0.0,0.0,0.0,0.0,0.0,0.0,0.0,0.0,0.0,,0.0,0.0,0.0,0.0,0.0,0.0,0.0,0.0,0.0,0.0,0.0,0.0,0.0,0.0,0.0,0.0,0.0,0.0,0.0,0.0,0.0
70,277.0,2.0,17.0,0.0,0.0,0.0,1.0,8.0,3.0,1.0,1.0,0.0,0.0,1.0,5.0,3.0,114.0,16.0,1.0,0.0,0.0,2.0,0.0,0.0,0.0,0.0,8.0,3.0,0.0,0.0,30.0,4.0,1.0,0.0,0.0,0.0,0.0,0.0,0.0,0.0,0.0,0.0,0.0,361.0,0.0,3.0,144.0,0.0,2.0,0.0,58.0,1.0,1.0,0.0,1.0,0.0,0.0,0.0,0.0,1.0,0.0,52.0,9.0,97.0,20.0,0.0,9.0,0.0,0.0,,0.0,19.0,4.0,0.0,6.0,1.0,15.0,3.0,4.0,0.0,1183.0,4.0,0.0,56.0,16.0,85.0,4.0,6.0,33.0,138.0
71,0.0,0.0,0.0,0.0,0.0,0.0,0.0,0.0,0.0,0.0,0.0,0.0,0.0,0.0,0.0,0.0,0.0,0.0,0.0,0.0,0.0,0.0,0.0,0.0,0.0,0.0,0.0,0.0,0.0,0.0,0.0,0.0,0.0,0.0,0.0,0.0,0.0,0.0,0.0,0.0,0.0,0.0,0.0,0.0,0.0,0.0,0.0,0.0,0.0,0.0,0.0,0.0,0.0,0.0,0.0,0.0,0.0,0.0,0.0,0.0,0.0,0.0,0.0,0.0,0.0,0.0,0.0,0.0,0.0,0.0,,0.0,0.0,0.0,0.0,0.0,0.0,0.0,0.0,0.0,0.0,0.0,0.0,0.0,0.0,0.0,0.0,0.0,0.0,0.0
72,1364.0,31.0,48.0,12.0,5.0,8.0,9.0,13.0,10.0,18.0,6.0,0.0,2.0,1.0,31.0,24.0,274.0,114.0,9.0,3.0,4.0,4.0,2.0,0.0,1.0,0.0,137.0,19.0,0.0,0.0,179.0,78.0,83.0,3.0,2.0,0.0,29.0,1.0,5.0,5.0,3.0,2.0,7.0,465.0,0.0,106.0,606.0,55.0,75.0,54.0,234.0,23.0,32.0,23.0,33.0,9.0,7.0,10.0,44.0,15.0,60.0,1391.0,909.0,458.0,278.0,0.0,542.0,0.0,0.0,19.0,0.0,,697.0,725.0,824.0,863.0,316.0,60.0,71.0,0.0,92.0,97.0,0.0,1047.0,246.0,316.0,56.0,93.0,6.0,12.0
73,1215.0,21.0,38.0,3.0,0.0,3.0,5.0,8.0,3.0,5.0,0.0,0.0,1.0,2.0,44.0,11.0,271.0,98.0,1.0,3.0,5.0,0.0,0.0,0.0,2.0,0.0,159.0,15.0,0.0,0.0,164.0,56.0,45.0,5.0,0.0,1.0,12.0,0.0,0.0,0.0,10.0,0.0,3.0,390.0,0.0,66.0,617.0,25.0,36.0,77.0,144.0,22.0,28.0,23.0,27.0,2.0,6.0,4.0,19.0,9.0,17.0,943.0,437.0,203.0,295.0,0.0,400.0,0.0,0.0,4.0,0.0,697.0,,725.0,264.0,668.0,507.0,44.0,46.0,5.0,42.0,56.0,0.0,756.0,109.0,116.0,55.0,41.0,2.0,6.0
74,321.0,9.0,13.0,1.0,0.0,0.0,0.0,1.0,1.0,1.0,0.0,0.0,0.0,0.0,4.0,5.0,131.0,27.0,1.0,1.0,0.0,0.0,1.0,0.0,0.0,0.0,43.0,4.0,0.0,0.0,50.0,10.0,7.0,0.0,1.0,0.0,8.0,0.0,1.0,0.0,0.0,0.0,0.0,202.0,0.0,13.0,343.0,6.0,10.0,19.0,35.0,12.0,10.0,4.0,3.0,0.0,1.0,1.0,8.0,8.0,14.0,480.0,90.0,98.0,63.0,0.0,110.0,0.0,0.0,0.0,0.0,725.0,725.0,,154.0,878.0,291.0,8.0,7.0,0.0,6.0,18.0,0.0,499.0,59.0,35.0,49.0,31.0,0.0,2.0
75,1489.0,8.0,9.0,2.0,2.0,0.0,0.0,2.0,4.0,2.0,0.0,0.0,1.0,0.0,7.0,6.0,136.0,93.0,2.0,0.0,0.0,1.0,1.0,0.0,0.0,0.0,84.0,5.0,0.0,0.0,114.0,22.0,19.0,2.0,0.0,4.0,15.0,0.0,0.0,0.0,1.0,1.0,3.0,301.0,0.0,70.0,366.0,19.0,22.0,22.0,130.0,5.0,6.0,9.0,8.0,3.0,3.0,1.0,12.0,9.0,13.0,811.0,1036.0,250.0,167.0,0.0,306.0,0.0,0.0,6.0,0.0,824.0,264.0,154.0,,162.0,193.0,33.0,29.0,0.0,32.0,41.0,0.0,610.0,138.0,160.0,13.0,47.0,1.0,4.0
76,428.0,10.0,14.0,1.0,2.0,0.0,2.0,3.0,2.0,2.0,0.0,0.0,1.0,1.0,4.0,8.0,166.0,44.0,0.0,1.0,1.0,0.0,1.0,0.0,0.0,0.0,39.0,3.0,0.0,0.0,49.0,17.0,9.0,1.0,1.0,1.0,8.0,0.0,1.0,0.0,0.0,0.0,0.0,203.0,0.0,18.0,373.0,13.0,13.0,31.0,57.0,16.0,11.0,18.0,6.0,4.0,10.0,1.0,16.0,16.0,18.0,478.0,96.0,110.0,71.0,0.0,121.0,0.0,0.0,1.0,0.0,863.0,668.0,878.0,162.0,,291.0,13.0,7.0,1.0,10.0,19.0,0.0,482.0,75.0,45.0,56.0,38.0,2.0,3.0
77,2661.0,134.0,344.0,59.0,4.0,55.0,44.0,117.0,23.0,81.0,18.0,0.0,10.0,9.0,190.0,16.0,49.0,66.0,26.0,13.0,7.0,10.0,1.0,1.0,9.0,0.0,326.0,113.0,0.0,0.0,661.0,183.0,80.0,14.0,9.0,2.0,29.0,7.0,18.0,12.0,44.0,6.0,15.0,427.0,0.0,126.0,584.0,134.0,138.0,108.0,215.0,19.0,16.0,34.0,17.0,8.0,10.0,10.0,66.0,22.0,73.0,668.0,217.0,130.0,120.0,0.0,522.0,0.0,0.0,15.0,0.0,316.0,507.0,291.0,193.0,291.0,,27.0,30.0,3.0,66.0,49.0,0.0,419.0,106.0,70.0,33.0,38.0,4.0,20.0
78,343.0,5.0,6.0,1.0,0.0,0.0,0.0,1.0,0.0,1.0,1.0,0.0,0.0,1.0,5.0,4.0,23.0,23.0,1.0,0.0,0.0,1.0,1.0,0.0,0.0,0.0,14.0,6.0,0.0,0.0,42.0,4.0,13.0,0.0,1.0,0.0,3.0,0.0,0.0,0.0,0.0,1.0,1.0,419.0,0.0,61.0,331.0,38.0,189.0,160.0,361.0,51.0,39.0,11.0,44.0,11.0,6.0,4.0,29.0,4.0,27.0,310.0,78.0,139.0,23.0,0.0,272.0,0.0,0.0,3.0,0.0,60.0,44.0,8.0,33.0,13.0,27.0,,639.0,70.0,468.0,501.0,0.0,117.0,96.0,107.0,19.0,7.0,2.0,4.0
79,727.0,8.0,9.0,0.0,1.0,0.0,2.0,1.0,2.0,2.0,0.0,0.0,1.0,0.0,7.0,12.0,22.0,38.0,3.0,0.0,1.0,1.0,0.0,0.0,0.0,0.0,22.0,6.0,0.0,0.0,51.0,13.0,11.0,0.0,1.0,0.0,3.0,0.0,1.0,0.0,2.0,0.0,2.0,775.0,0.0,117.0,556.0,61.0,397.0,431.0,769.0,78.0,73.0,29.0,83.0,39.0,40.0,13.0,152.0,24.0,72.0,437.0,85.0,215.0,15.0,0.0,433.0,0.0,0.0,4.0,0.0,71.0,46.0,7.0,29.0,7.0,30.0,639.0,,87.0,810.0,728.0,0.0,135.0,160.0,177.0,37.0,3.0,2.0,1.0
80,40.0,1.0,0.0,0.0,0.0,1.0,0.0,0.0,0.0,0.0,0.0,0.0,0.0,0.0,0.0,1.0,2.0,2.0,1.0,0.0,0.0,0.0,0.0,0.0,0.0,0.0,4.0,1.0,0.0,0.0,5.0,0.0,1.0,1.0,0.0,0.0,0.0,0.0,0.0,0.0,0.0,0.0,0.0,80.0,0.0,12.0,56.0,3.0,40.0,31.0,57.0,12.0,11.0,3.0,9.0,3.0,4.0,0.0,5.0,0.0,9.0,39.0,6.0,27.0,2.0,0.0,44.0,0.0,0.0,0.0,0.0,0.0,5.0,0.0,0.0,1.0,3.0,70.0,87.0,,81.0,58.0,0.0,11.0,14.0,14.0,6.0,1.0,0.0,0.0
81,710.0,8.0,6.0,0.0,1.0,0.0,1.0,1.0,3.0,0.0,1.0,0.0,0.0,0.0,16.0,9.0,126.0,43.0,5.0,1.0,0.0,2.0,0.0,0.0,1.0,0.0,30.0,6.0,0.0,0.0,87.0,13.0,14.0,1.0,1.0,0.0,1.0,0.0,0.0,0.0,0.0,0.0,1.0,1239.0,0.0,127.0,785.0,42.0,329.0,289.0,692.0,73.0,70.0,24.0,79.0,25.0,22.0,5.0,28.0,10.0,30.0,446.0,90.0,340.0,49.0,0.0,367.0,0.0,0.0,1183.0,0.0,92.0,42.0,6.0,32.0,10.0,66.0,468.0,810.0,81.0,,572.0,0.0,139.0,134.0,305.0,45.0,10.0,72.0,305.0
82,623.0,12.0,26.0,4.0,1.0,0.0,1.0,8.0,1.0,1.0,0.0,0.0,2.0,0.0,9.0,8.0,66.0,43.0,2.0,1.0,2.0,2.0,2.0,0.0,0.0,0.0,34.0,9.0,0.0,0.0,65.0,12.0,11.0,3.0,1.0,0.0,2.0,1.0,0.0,0.0,3.0,1.0,2.0,710.0,0.0,95.0,435.0,34.0,199.0,180.0,514.0,81.0,79.0,20.0,83.0,15.0,15.0,9.0,39.0,17.0,46.0,495.0,130.0,203.0,29.0,0.0,409.0,0.0,0.0,4.0,0.0,97.0,56.0,18.0,41.0,19.0,49.0,501.0,728.0,58.0,572.0,,0.0,156.0,117.0,145.0,18.0,8.0,1.0,3.0
83,0.0,0.0,0.0,0.0,0.0,0.0,0.0,0.0,0.0,0.0,0.0,0.0,0.0,0.0,0.0,0.0,0.0,0.0,0.0,0.0,0.0,0.0,0.0,0.0,0.0,0.0,0.0,0.0,0.0,0.0,0.0,0.0,0.0,0.0,0.0,0.0,0.0,0.0,0.0,0.0,0.0,0.0,0.0,0.0,0.0,0.0,0.0,0.0,0.0,0.0,0.0,0.0,0.0,0.0,0.0,0.0,0.0,0.0,0.0,0.0,0.0,0.0,0.0,0.0,0.0,0.0,0.0,0.0,0.0,0.0,0.0,0.0,0.0,0.0,0.0,0.0,0.0,0.0,0.0,0.0,0.0,0.0,,0.0,0.0,0.0,0.0,0.0,0.0,0.0
84,1619.0,47.0,67.0,14.0,2.0,8.0,12.0,17.0,8.0,9.0,4.0,0.0,4.0,3.0,116.0,41.0,348.0,194.0,13.0,2.0,2.0,7.0,7.0,1.0,0.0,0.0,183.0,61.0,0.0,0.0,290.0,137.0,128.0,6.0,1.0,2.0,33.0,3.0,9.0,4.0,6.0,5.0,8.0,649.0,0.0,152.0,781.0,95.0,143.0,126.0,414.0,62.0,56.0,43.0,51.0,18.0,18.0,11.0,48.0,34.0,82.0,1491.0,972.0,537.0,520.0,0.0,745.0,0.0,0.0,56.0,0.0,1047.0,756.0,499.0,610.0,482.0,419.0,117.0,135.0,11.0,139.0,156.0,0.0,,336.0,468.0,96.0,199.0,7.0,35.0
85,1306.0,56.0,317.0,36.0,8.0,119.0,58.0,84.0,42.0,141.0,18.0,0.0,18.0,8.0,129.0,64.0,42.0,58.0,22.0,1.0,4.0,5.0,3.0,0.0,1.0,0.0,139.0,55.0,0.0,0.0,239.0,78.0,45.0,7.0,2.0,1.0,31.0,6.0,4.0,3.0,8.0,9.0,49.0,302.0,0.0,87.0,274.0,55.0,100.0,84.0,200.0,22.0,39.0,30.0,35.0,6.0,12.0,12.0,27.0,9.0,44.0,535.0,259.0,263.0,151.0,0.0,295.0,0.0,0.0,16.0,0.0,246.0,109.0,59.0,138.0,75.0,106.0,96.0,160.0,14.0,134.0,117.0,0.0,336.0,,199.0,19.0,32.0,7.0,15.0
86,598.0,11.0,25.0,2.0,0.0,1.0,2.0,7.0,10.0,3.0,3.0,0.0,1.0,2.0,34.0,20.0,62.0,55.0,9.0,0.0,0.0,2.0,3.0,1.0,0.0,0.0,42.0,24.0,0.0,0.0,87.0,55.0,19.0,0.0,0.0,0.0,5.0,1.0,0.0,0.0,3.0,1.0,2.0,471.0,0.0,197.0,542.0,104.0,144.0,136.0,454.0,38.0,49.0,28.0,55.0,11.0,16.0,4.0,23.0,16.0,77.0,912.0,567.0,938.0,102.0,0.0,792.0,0.0,0.0,85.0,0.0,316.0,116.0,35.0,160.0,45.0,70.0,107.0,177.0,14.0,305.0,145.0,0.0,468.0,199.0,,25.0,45.0,8.0,17.0
87,266.0,4.0,7.0,1.0,0.0,0.0,0.0,4.0,0.0,1.0,0.0,0.0,2.0,0.0,6.0,6.0,20.0,7.0,0.0,7.0,0.0,0.0,0.0,0.0,0.0,0.0,7.0,5.0,0.0,0.0,20.0,18.0,3.0,1.0,0.0,0.0,3.0,3.0,1.0,0.0,0.0,0.0,1.0,115.0,0.0,14.0,125.0,16.0,66.0,44.0,80.0,6.0,6.0,4.0,4.0,3.0,5.0,4.0,19.0,2.0,20.0,95.0,19.0,29.0,9.0,0.0,93.0,0.0,0.0,4.0,0.0,56.0,55.0,49.0,13.0,56.0,33.0,19.0,37.0,6.0,45.0,18.0,0.0,96.0,19.0,25.0,,8.0,2.0,11.0
88,609.0,17.0,58.0,11.0,2.0,6.0,5.0,11.0,9.0,4.0,5.0,0.0,2.0,0.0,30.0,9.0,62.0,76.0,6.0,7.0,4.0,2.0,10.0,0.0,2.0,0.0,32.0,21.0,0.0,0.0,73.0,61.0,21.0,0.0,2.0,1.0,13.0,7.0,1.0,0.0,3.0,1.0,2.0,92.0,0.0,12.0,95.0,8.0,8.0,6.0,46.0,8.0,8.0,7.0,6.0,1.0,2.0,1.0,4.0,9.0,25.0,222.0,153.0,63.0,241.0,0.0,87.0,0.0,0.0,6.0,0.0,93.0,41.0,31.0,47.0,38.0,38.0,7.0,3.0,1.0,10.0,8.0,0.0,199.0,32.0,45.0,8.0,,3.0,6.0
89,57.0,0.0,1.0,0.0,1.0,0.0,0.0,0.0,0.0,0.0,0.0,0.0,0.0,0.0,1.0,0.0,6.0,8.0,0.0,0.0,0.0,0.0,0.0,0.0,0.0,0.0,1.0,0.0,0.0,0.0,9.0,0.0,6.0,0.0,0.0,0.0,1.0,0.0,0.0,0.0,0.0,0.0,0.0,36.0,0.0,0.0,27.0,0.0,0.0,1.0,8.0,0.0,0.0,0.0,0.0,0.0,0.0,0.0,0.0,0.0,0.0,17.0,6.0,1.0,6.0,0.0,5.0,0.0,0.0,33.0,0.0,6.0,2.0,0.0,1.0,2.0,4.0,2.0,2.0,0.0,72.0,1.0,0.0,7.0,7.0,8.0,2.0,3.0,,18.0
90,378.0,4.0,6.0,0.0,0.0,0.0,0.0,0.0,2.0,0.0,0.0,0.0,0.0,0.0,5.0,5.0,30.0,12.0,0.0,0.0,0.0,0.0,0.0,0.0,0.0,0.0,6.0,2.0,0.0,0.0,22.0,2.0,2.0,0.0,0.0,0.0,1.0,0.0,0.0,0.0,0.0,0.0,1.0,196.0,0.0,3.0,142.0,2.0,6.0,7.0,28.0,0.0,1.0,0.0,1.0,0.0,0.0,0.0,1.0,0.0,0.0,31.0,16.0,29.0,28.0,0.0,15.0,0.0,0.0,138.0,0.0,12.0,6.0,2.0,4.0,3.0,20.0,4.0,1.0,0.0,305.0,3.0,0.0,35.0,15.0,17.0,11.0,6.0,18.0,
